S#,SNAME,SEX,BDATE,HEIGHT,DORM
2222996102,廖婷婷,男,2006-12-23,1.66,东15舍612
2205062860,宗兰英,男,2000-11-20,1.71,西3舍912
2193179551,谭娟,男,2001-06-16,1.67,东7舍602
2215196747,姚玉英,男,2002-02-19,1.63,东18舍314
2225375000,邓文,女,2001-03-26,1.54,东8舍223
2225336905,熊洋,女,2006-05-20,1.48,东21舍301
2213620693,段颖,女,2004-09-10,1.48,西14舍308
2220490443,刘建,女,2001-05-04,1.73,东7舍611
2208632211,李桂兰,男,1999-07-04,1.79,东5舍426
2217717189,党玉兰,男,2002-06-10,1.57,东16舍101
2208603890,陈坤,女,2005-05-03,1.52,西12舍608
2197787377,李建华,男,2005-10-02,1.64,东6舍708
2220396057,郭静,女,2005-01-06,1.46,东6舍822
2191158116,徐兰英,男,2006-07-04,1.77,东1舍419
2228057245,顾丽,男,2007-04-01,1.75,东20舍305
2197632031,邱颖,男,2002-08-26,1.5,西4舍103
2228886010,王斌,男,2007-02-17,1.56,西22舍123
2224568763,吴洁,女,2006-02-16,1.44,西3舍607
2201405952,丁荣,女,2005-01-25,1.7,西10舍521
2218098258,韩秀兰,男,2006-08-24,1.98,西13舍906
2209103755,张桂花,女,2002-03-11,1.5,东3舍801
2226668631,刘桂香,女,2001-01-15,1.67,东12舍329
2212792118,杨娟,男,2006-02-11,1.69,东22舍801
2206949491,余凤兰,女,2003-12-09,1.68,西19舍212
2206762710,郑洋,女,2002-04-18,1.56,东15舍827
2193918066,李秀华,男,2003-06-25,1.7,东21舍106
2192825623,丁冬梅,男,2002-10-13,1.71,东13舍511
2194916534,苏晨,男,2004-09-29,1.84,东10舍107
2221109638,王婷婷,女,2000-01-02,1.5,东18舍627
2218423503,刘晨,男,2002-06-04,1.68,东14舍703
2214941166,牛金凤,女,2003-10-10,1.6,西17舍411
2195153825,高凯,男,2005-12-19,1.6,东19舍723
2222503625,张伟,女,1999-11-08,1.8,东4舍629
2216514421,邓岩,男,2004-01-15,1.89,西10舍115
2221335401,曹军,女,2004-05-07,1.64,东2舍427
2190923201,李建军,女,2004-04-22,1.64,东10舍630
2195902015,余玉梅,女,2003-04-26,1.54,东5舍226
2216774763,彭柳,男,2001-05-25,1.51,东5舍627
2215488139,王建国,女,2004-05-21,1.59,西17舍724
2191743723,戴明,女,2006-12-20,1.5,西9舍413
2211011284,黄建华,男,2004-02-21,1.59,西7舍207
2225826872,张斌,女,2004-01-14,1.63,东11舍110
2207546468,李秀华,男,2002-02-11,1.49,西9舍702
2211799028,苏琳,女,2007-01-03,1.67,东14舍511
2228765196,熊健,女,2006-09-10,1.5,西20舍429
2216249264,吴帅,女,2003-01-05,1.59,西22舍301
2191128247,韦红霞,女,2002-09-08,1.54,东14舍630
2222268852,周兰英,男,2006-02-20,1.79,东18舍314
2215480562,李桂珍,男,2004-07-21,1.71,东2舍511
2202622585,李桂芳,女,2003-03-11,1.7,西22舍510
2190569213,张秀云,男,2000-04-09,1.63,西12舍411
2190347003,黎瑜,女,2000-04-22,1.75,东19舍922
2200098061,王玉珍,女,2003-10-27,1.55,西16舍420
2199467700,贺英,男,1999-07-05,1.64,东19舍307
2220894547,王建华,男,2006-12-22,1.77,东3舍420
2191479423,侯桂芳,女,2003-04-08,1.51,东11舍211
2229479066,梁宇,男,2002-08-25,1.83,西12舍114
2223611160,尹秀华,女,2003-01-27,1.54,西12舍610
2196888323,钟莉,男,2001-09-29,1.81,西11舍102
2210941349,严莉,男,2002-11-08,1.79,东20舍106
2190218918,刘颖,女,2006-10-22,1.54,西20舍523
2225638299,安浩,女,1999-11-17,1.7,西17舍919
2203034063,邓海燕,男,2002-04-14,1.7,东13舍920
2203320961,王建华,男,2000-05-13,1.5,西10舍108
2202910055,吴小红,男,2006-03-09,1.75,西10舍419
2211220656,蔡英,男,2006-01-02,1.6,西19舍112
2197355230,王秀荣,男,2002-06-12,1.7,西21舍622
2208855253,司刚,男,2001-12-23,1.73,西4舍629
2222444045,刘桂花,男,1999-08-06,1.7,西14舍103
2199392543,李玉华,女,2006-06-27,1.62,西15舍622
2194201101,金涛,男,2002-06-03,1.56,西4舍325
2216508411,沈浩,男,2003-06-24,1.84,东22舍513
2215897842,杨磊,男,2004-11-04,1.58,西7舍211
2212191765,张文,女,2000-01-15,1.5,西18舍427
2201609446,蒋敏,男,2005-11-02,1.87,西22舍207
2209568965,程秀兰,男,2005-12-20,1.75,东12舍207
2211303085,麦英,女,2001-03-24,1.52,西9舍825
2201913018,李秀珍,女,2005-09-04,1.6,东7舍716
2227230580,林静,男,2005-05-14,1.72,东20舍822
2222281334,许秀荣,女,2006-07-22,1.55,西1舍723
2211661449,罗建,男,2000-10-19,1.75,西9舍510
2212376150,徐洁,女,2000-04-14,1.43,西14舍721
2208600490,周凤英,男,2002-06-25,1.74,东16舍405
2192128377,房宁,男,2004-04-28,1.51,东2舍310
2195232186,童彬,男,2002-09-13,1.73,东2舍709
2198623974,盛建,男,2003-06-12,1.59,东21舍109
2204284758,王秀芳,女,2000-06-28,1.64,西5舍528
2211530784,陆莉,女,2001-04-25,1.71,西11舍117
2208402186,余敏,女,2001-05-01,1.52,东9舍820
2207235834,陈刚,男,2007-06-05,1.79,东12舍725
2201320179,徐娟,女,2003-06-18,1.64,西16舍320
2223371934,王燕,男,2004-01-02,1.66,东3舍704
2215172777,齐瑞,女,2006-09-01,1.57,西19舍512
2209527942,梁利,男,2001-06-21,1.7,西20舍104
2205666652,陈柳,男,2001-01-21,1.74,西4舍604
2219489078,吴丹丹,女,2005-11-12,1.76,西11舍324
2191932556,刘小红,女,1999-08-22,1.44,东9舍728
2195200129,陈金凤,男,2006-11-04,1.81,东19舍201
2200440173,吴磊,男,2001-07-10,1.65,东16舍229
2209759042,王伟,女,2004-05-25,1.46,西10舍129
2229432307,张淑兰,女,2002-04-06,1.64,东12舍713
2225709125,周淑兰,男,2005-10-08,1.78,东17舍319
2197127525,张彬,女,2002-06-13,1.45,东13舍125
2196834156,姚岩,男,2002-07-03,1.79,西8舍605
2199942832,刘凯,男,2005-05-03,1.87,西22舍718
2194496091,邓红,男,2003-06-21,1.77,东5舍105
2213981998,谢小红,女,2004-07-28,1.66,西3舍102
2210526736,王鹏,女,2005-08-08,1.51,西20舍417
2224676405,王琳,男,1999-10-19,1.76,西18舍419
2206483393,孙雪,男,2000-08-10,1.64,东11舍529
2200049881,何晶,男,2004-07-25,1.63,东15舍907
2204531961,李红梅,男,2005-04-28,1.64,西11舍827
2215459142,郭海燕,男,2004-07-28,1.54,西3舍520
2223417116,涂斌,男,2007-04-30,1.56,东15舍412
2201447926,麻桂芳,女,2002-06-30,1.56,东15舍801
2204727079,尹建军,女,2002-10-15,1.67,东22舍519
2216129930,罗秀荣,男,2006-12-27,1.64,东16舍329
2218169975,陶萍,女,2003-06-25,1.61,东5舍217
2223001004,邓杨,女,1999-06-16,1.65,东6舍728
2226110631,何秀兰,男,2004-05-16,1.81,西5舍321
2218436556,张丽娟,女,2004-08-22,1.79,东3舍901
2222380116,严佳,女,2003-02-12,1.5,西22舍606
2192984966,刘红,女,2004-12-11,1.63,西19舍408
2220090121,袁敏,女,2003-03-31,1.64,东19舍803
2199052893,李洋,男,2001-03-24,1.69,东2舍310
2211212033,秦桂珍,女,2005-09-09,1.68,东11舍205
2190213714,戴瑜,男,2001-01-16,1.47,西2舍425
2190868876,廖琴,男,2000-08-09,1.72,西17舍928
2198279568,郭兰英,女,2001-12-11,1.58,西11舍623
2221843387,田金凤,女,2002-01-14,1.62,东12舍225
2202851376,许坤,男,2003-11-18,1.67,东19舍318
2201013497,王艳,女,2003-08-01,1.76,东17舍516
2194114443,陈兰英,男,2000-12-30,1.79,东15舍621
2205574706,朱飞,男,2007-02-26,1.73,东15舍315
2220154964,王飞,男,2003-07-25,1.72,东13舍901
2225043354,周兰英,女,2003-12-07,1.52,西2舍116
2193885756,赵燕,女,2001-06-11,1.61,西6舍303
2202456514,赵冬梅,女,2005-07-05,1.51,东14舍829
2200026968,李静,男,2005-06-14,1.82,西12舍916
2218817348,丁琳,男,2000-09-22,1.53,东10舍819
2215615640,刘淑珍,男,2007-02-15,1.62,东7舍111
2214117863,陈建国,女,2002-04-17,1.52,西16舍115
2202470738,杨金凤,男,2003-01-10,1.76,东19舍207
2194572515,敖燕,男,1999-09-23,1.84,西12舍722
2228764844,杨鹏,女,2007-03-14,1.58,西12舍927
2208696221,雍利,女,2001-06-30,1.52,东12舍904
2206429606,李玉英,男,2004-09-16,1.67,东13舍110
2216954443,杨磊,男,2000-11-14,1.68,东6舍408
2205529609,黄英,女,2003-10-22,1.56,东19舍923
2220381529,王建,女,2001-01-20,1.74,东4舍901
2200110656,喻荣,女,1999-12-25,1.59,东15舍413
2205159699,高玉华,女,2004-04-21,1.65,东8舍711
2196366275,潘晨,女,2000-12-05,1.44,西14舍524
2223597617,谭玲,男,2003-12-09,1.75,西21舍608
2207462533,何玉珍,男,2003-08-05,1.5,东7舍519
2190186105,贾海燕,女,2003-05-20,1.56,东15舍115
2211284232,庄畅,女,2001-06-30,1.54,西8舍525
2203151205,姚艳,男,2001-01-07,1.68,西3舍227
2227487099,梁静,男,2002-05-22,1.73,东4舍612
2202919951,符琳,女,2000-04-24,1.51,西2舍830
2191588675,邓俊,女,2003-12-27,1.62,西1舍802
2217085808,范海燕,女,2002-07-18,1.56,西6舍606
2219471450,黄阳,女,2001-02-06,1.51,西20舍415
2211794411,马亮,女,2006-12-18,1.61,东11舍512
2195807279,王龙,男,1999-11-25,1.74,东14舍728
2191397272,陈阳,男,2000-04-20,1.73,西14舍414
2216185143,赵秀珍,男,2001-09-10,1.74,西9舍227
2198679623,魏平,女,2001-08-08,1.62,西15舍728
2202662239,侯凯,男,2006-07-11,1.71,东3舍817
2194759784,杨娟,女,2004-07-10,1.47,东19舍926
2204269096,王东,男,2000-03-27,1.71,东4舍430
2192940455,萧淑英,男,2000-07-30,1.67,西10舍901
2219078227,关亮,女,2002-02-01,1.61,东2舍113
2217148938,阎慧,女,2007-05-27,1.59,东22舍815
2190648174,梁颖,女,2003-03-11,1.48,西12舍724
2209731783,柯博,男,2006-01-10,1.68,东13舍718
2218018122,赵飞,男,1999-08-05,1.72,东21舍816
2198948587,黄宇,男,2002-11-07,1.65,西1舍919
2211170882,袁淑英,男,2002-10-22,1.71,西19舍918
2215662842,祁鑫,女,2003-06-03,1.69,东16舍829
2201018326,张洋,男,2003-10-23,1.73,东5舍621
2221968614,钱莹,女,2004-06-27,1.58,东14舍914
2220163322,黄帅,男,2002-02-22,1.79,西8舍813
2225548066,王雪,女,2005-09-02,1.54,东6舍407
2206251375,彭丽,女,2000-06-04,1.53,东13舍830
2217693062,刘红,女,2003-09-30,1.72,东8舍720
2196691226,康丽华,男,2003-05-10,1.69,西14舍508
2197199299,张强,女,1999-09-23,1.48,西3舍209
2201203398,薛凤兰,女,2007-05-22,1.47,西11舍330
2193496719,石春梅,女,2007-02-18,1.57,东6舍622
2203528443,尚云,女,2001-09-16,1.69,东1舍109
2216062620,赵倩,女,2006-05-07,1.51,东11舍128
2209866844,刘桂珍,男,2004-09-26,1.71,西1舍215
2227841763,史丹,男,2001-07-11,1.56,东12舍806
2206960299,温丹,男,2006-12-23,1.7,西8舍922
2218570707,李秀荣,女,2007-02-17,1.72,西20舍808
2212711906,吕丽华,男,2005-08-14,1.61,东1舍930
2206089827,宋红,女,2001-10-13,1.59,西21舍113
2210521450,汪鹏,女,2005-03-27,1.64,东9舍230
2205269050,吴刚,女,2004-03-01,1.39,东22舍615
2220540481,黄利,女,2003-07-17,1.72,东21舍419
2212581658,张雪梅,男,2000-12-17,1.77,东11舍507
2204098768,高成,女,2005-07-13,1.62,东14舍707
2229351537,郭金凤,男,2003-06-05,1.8,西22舍117
2210406956,金燕,男,2005-08-27,1.59,西9舍706
2191590488,耿秀珍,女,2004-10-19,1.58,东5舍916
2196782232,费桂荣,男,2006-05-02,1.56,西11舍426
2209757367,苏文,男,2000-09-30,1.68,东17舍315
2193263702,蒋兵,男,2003-03-20,1.77,东3舍201
2195800020,江秀华,女,2003-11-11,1.51,西20舍310
2224447728,董娜,男,2005-08-24,1.64,东17舍718
2229016938,王志强,女,2001-08-18,1.62,东6舍515
2218783393,刘亮,男,2003-01-28,1.8,西2舍506
2221928896,凌健,女,2000-03-16,1.66,东4舍709
2196627401,王旭,男,2004-06-01,1.76,东4舍111
2222931734,马博,女,2004-11-07,1.45,东5舍925
2217882321,孙波,女,2002-01-25,1.53,西10舍904
2223431384,刘娜,男,2006-03-09,1.62,西3舍209
2202069590,潘华,女,1999-12-19,1.65,西13舍910
2199712250,王秀云,女,2001-03-03,1.71,西21舍914
2221695322,郑慧,女,2006-05-03,1.53,西10舍606
2211536081,龙婷,男,2004-05-08,1.71,西18舍415
2191573342,李秀珍,男,2000-12-30,1.74,东10舍903
2207525415,刘杨,男,2002-01-13,1.69,西9舍908
2215575684,雷欢,男,2002-12-06,1.65,西14舍522
2197476939,曾兰英,男,2002-08-02,1.64,东20舍217
2224236792,朱桂兰,女,2006-01-28,1.52,东7舍824
2199509239,毕雪,男,2001-10-30,1.74,东5舍921
2209900330,林建平,女,1999-11-08,1.57,东18舍219
2211706172,陈伟,男,2006-05-26,1.69,西9舍225
2224849603,胥刚,女,2002-11-14,1.72,西11舍602
2219017418,李云,男,2007-02-11,1.79,东18舍909
2190826591,李杨,男,2006-07-07,1.65,西19舍610
2197032776,王东,男,2004-10-20,1.59,西6舍902
2208007143,周春梅,男,2006-12-20,1.67,东15舍427
2193997415,魏雪,男,1999-11-02,1.74,西18舍824
2190806507,刘旭,女,2006-04-09,1.44,东2舍508
2215168534,吴玉珍,男,2005-03-03,1.66,东10舍615
2195696139,杜淑华,女,2006-01-12,1.71,东5舍522
2218374589,高阳,女,2002-10-06,1.62,东11舍418
2225611204,阎敏,男,2002-05-05,1.81,西3舍506
2215529521,徐强,男,2001-03-27,1.64,西19舍128
2190796474,刘淑华,女,2005-11-06,1.71,西3舍212
2206580161,唐建国,女,2001-07-28,1.68,东3舍826
2196895336,蒙建军,女,2003-08-02,1.62,东10舍618
2195937834,吴坤,女,2002-10-25,1.68,东5舍526
2226042811,韦雪,男,1999-10-13,1.66,东13舍729
2193632521,郭淑兰,男,2005-09-21,1.74,西5舍228
2221870794,唐超,男,2004-09-14,1.58,东3舍115
2227872334,王飞,女,2005-12-04,1.42,西17舍922
2200306125,覃玉华,女,2000-03-10,1.48,西5舍924
2229914911,张兰英,男,2002-07-08,1.67,西12舍603
2200933621,李林,男,2005-09-06,1.74,西1舍715
2195160291,魏军,男,2002-11-16,1.68,东10舍626
2192808535,高强,男,1999-12-06,1.6,西21舍211
2200526024,高鑫,男,2006-07-21,1.64,东7舍827
2192297206,冯畅,男,2003-12-06,1.53,东16舍130
2215185412,宋洁,女,2005-09-16,1.66,西9舍216
2227341171,陈建平,男,2003-02-20,1.74,西7舍721
2191384715,苗平,女,2005-09-10,1.43,东6舍508
2226212297,时荣,男,2002-07-22,1.58,西17舍410
2206048528,邓亮,男,2005-11-03,1.58,东20舍830
2206443442,曹燕,男,2003-02-13,1.85,东7舍719
2221453220,姜飞,男,2003-08-19,1.58,东1舍318
2216350852,江秀兰,女,2003-09-17,1.52,东19舍303
2211398755,时波,女,2004-08-10,1.63,东1舍103
2226041482,朱芳,男,2003-07-15,1.81,西12舍204
2211798673,赵丽丽,女,2003-07-10,1.51,东20舍924
2193932324,张玉梅,女,2005-12-27,1.74,东14舍505
2218423174,陈凤英,女,2007-01-14,1.83,东5舍719
2223002853,张丹,女,2005-03-04,1.8,东18舍217
2227526851,赵桂荣,女,2006-01-20,1.75,东14舍521
2218690040,陈淑兰,男,1999-11-16,1.72,东2舍219
2216230364,彭玲,女,2006-07-29,1.59,东20舍309
2199604406,王艳,男,1999-09-01,1.67,东12舍908
2205330242,韦婷婷,男,2004-04-12,1.76,东5舍721
2224346066,安佳,女,2002-09-05,1.56,西20舍329
2203315818,程荣,女,2003-02-16,1.67,东1舍525
2196783308,薛阳,男,2002-07-10,1.57,东17舍604
2206416280,郭瑜,男,2004-04-09,1.69,东4舍614
2229525193,张兰英,女,2005-02-27,1.62,东22舍608
2228142267,张娟,男,2001-04-30,1.57,西7舍715
2224179472,刘阳,男,2000-11-28,1.71,东15舍317
2213683182,方军,男,2002-04-06,1.69,西7舍227
2219853491,吴冬梅,男,2005-01-17,1.75,东5舍723
2201968559,李健,女,2001-06-15,1.61,西13舍610
2197278117,徐丹,男,2002-10-21,1.73,西4舍416
2209858928,宋利,女,2006-12-03,1.52,西9舍913
2221044974,刘亮,男,2000-09-14,1.66,西20舍909
2222381192,黄兰英,男,2003-04-25,1.75,西16舍815
2226439124,王杨,女,2000-08-09,1.47,东11舍910
2221678123,李英,男,1999-07-27,1.68,东22舍530
2210895724,谢桂花,女,2004-02-02,1.43,东11舍524
2229443238,张志强,女,2001-09-18,1.58,西13舍420
2190675360,左秀兰,男,2002-07-27,1.65,东21舍522
2202797557,瞿桂芳,女,1999-09-05,1.51,东17舍929
2195429530,万伟,男,2004-12-31,1.7,东8舍209
2201511265,王勇,女,2007-03-14,1.46,东10舍507
2221366895,薛畅,男,2003-06-15,1.6,西5舍518
2198475837,陆洋,男,2000-10-08,1.62,西22舍820
2217981216,张彬,女,2005-06-04,1.75,西5舍718
2197164260,宋娜,女,2007-05-26,1.52,西8舍526
2216231759,胡婷婷,女,2003-12-13,1.57,东8舍523
2215873691,卞玉梅,男,2000-01-23,1.62,西1舍810
2204758389,陈宇,男,2002-04-15,1.71,东1舍713
2216119028,罗秀云,女,2000-08-11,1.58,西18舍211
2214538316,汪龙,女,2000-11-15,1.68,东13舍827
2220384768,叶帅,男,1999-10-02,1.62,西8舍922
2211082395,曾凤兰,男,2001-06-02,1.68,东4舍408
2224604427,商成,男,2006-01-19,1.67,东2舍915
2225424459,曹成,男,2006-06-23,1.9,东7舍704
2190327547,张涛,男,2006-11-25,1.67,西13舍820
2218323005,赵华,男,2002-06-07,1.73,西1舍518
2205714505,宋兵,男,2006-06-06,1.67,东21舍330
2215837292,张磊,女,2000-04-17,1.69,西1舍302
2193508875,张建,男,2001-09-28,1.69,西19舍730
2209071333,龙玉英,男,2000-12-11,1.61,东14舍715
2195816633,刘玉英,女,1999-10-12,1.67,西17舍221
2218630750,李丽丽,男,2003-02-16,1.74,西17舍221
2225140030,郭建平,女,2005-10-26,1.62,东19舍224
2208472165,康建,女,2005-09-06,1.61,东11舍807
2228256563,郭莉,男,2003-06-25,1.62,东5舍709
2193115301,钟丹丹,女,2001-09-07,1.87,西10舍716
2214380224,戴云,男,2003-08-05,1.75,东6舍608
2218351535,马洁,男,2002-07-20,1.57,东22舍524
2221066712,郭龙,男,2006-12-24,1.72,西22舍323
2222765277,杨桂芝,女,2002-01-05,1.49,东1舍312
2209543269,钟红梅,女,1999-10-07,1.4,东12舍306
2210123496,黎玉兰,男,1999-10-01,1.59,东10舍117
2205257679,斯雷,女,2000-07-28,1.62,西14舍120
2210705162,郑建,男,2001-09-07,1.59,东10舍105
2199955537,陈楠,男,2004-07-27,1.64,东4舍229
2209660764,刘雪,男,2000-06-07,1.71,东13舍918
2229515517,顾霞,男,2001-04-04,1.7,西22舍229
2196416655,朱博,女,2000-09-12,1.43,西10舍901
2219290065,岳英,女,2003-01-22,1.58,西15舍902
2229320770,陈军,女,2006-12-11,1.71,东21舍412
2219988811,李桂花,女,2004-03-15,1.43,西11舍826
2194856339,王林,女,2006-10-09,1.39,西18舍603
2197431614,陈丽娟,男,2002-01-10,1.69,东14舍815
2200891445,林勇,男,2000-01-11,1.63,东10舍828
2196133768,聂静,男,2007-03-16,1.83,东3舍326
2215625789,程岩,男,2004-04-25,1.88,西1舍418
2216616451,李娜,男,2004-07-15,1.56,西17舍229
2225593084,张亮,男,1999-12-26,1.72,西15舍111
2216371815,黄荣,女,1999-10-29,1.42,西3舍701
2229426190,夏建平,男,2007-05-21,1.6,西11舍602
2228539081,李桂芝,男,2001-05-23,1.71,东7舍623
2197128337,孙玉,女,2004-11-01,1.51,西1舍319
2208781712,朱琴,女,2001-05-22,1.48,西2舍920
2212973577,王淑珍,男,2006-02-25,1.63,西12舍409
2219967533,李秀兰,男,2001-06-01,1.72,东16舍709
2196724776,沙淑珍,男,2001-09-09,1.67,西2舍724
2225206631,金建国,女,2000-01-27,1.48,西5舍307
2204350999,张文,女,2003-01-15,1.87,西10舍230
2218687112,林丹丹,男,2000-02-07,1.76,东1舍721
2216826207,李淑珍,男,2002-11-15,1.76,东18舍528
2191063024,刘俊,女,2005-04-13,1.64,西16舍509
2214859557,罗雪梅,女,2000-09-10,1.79,西13舍202
2196846723,黄文,男,1999-07-23,1.79,西8舍207
2205569366,郭楠,男,2007-05-09,1.6,东20舍308
2222808290,许桂兰,女,2003-01-12,1.5,东16舍422
2222609398,尹洁,男,2000-07-23,1.87,西7舍914
2221912866,宁秀英,男,2007-03-25,1.64,西13舍820
2201382820,傅峰,男,2006-02-17,1.67,西10舍409
2220987824,鲁想,男,2005-03-08,1.7,东18舍814
2221800247,王丽丽,男,2006-07-26,1.66,西6舍407
2201336635,杨建国,男,2001-01-03,1.9,西1舍917
2220817022,李玉华,女,2005-06-01,1.59,西2舍227
2204765127,叶帅,男,2006-04-19,1.64,东17舍306
2211238995,赖健,女,2002-03-17,1.56,西1舍517
2214211013,张佳,女,1999-10-26,1.51,东5舍208
2208055289,蔡丽,女,2007-04-14,1.73,东22舍212
2223189444,郝东,女,2006-09-01,1.6,东2舍424
2215797903,梁秀兰,男,2000-12-11,1.84,东15舍530
2223503816,王颖,男,2004-07-31,1.81,东12舍230
2190404097,蔡楠,男,2006-06-06,1.71,东12舍908
2218404179,孙磊,女,2004-08-15,1.67,西6舍528
2192665577,吕冬梅,女,2005-03-08,1.5,东17舍516
2201120320,侯燕,女,2003-12-30,1.47,东19舍410
2199021248,吴秀芳,女,2006-11-06,1.67,西6舍507
2200138838,马想,女,2005-08-19,1.62,东15舍618
2228359424,程岩,男,2001-12-29,1.63,东8舍812
2194490065,邓玲,女,2005-07-02,1.49,东13舍321
2191379259,程宁,男,2000-01-21,1.66,西18舍822
2213428607,杨阳,男,2000-03-29,1.6,西16舍903
2210238366,张琴,女,2002-08-20,1.56,西16舍813
2227315699,奚欣,女,2005-12-17,1.63,西12舍407
2211244085,刘帆,男,2002-09-13,1.81,西1舍318
2202014275,陈佳,男,2001-03-04,1.76,西8舍230
2227706944,李雪,女,2002-05-11,1.79,东14舍526
2206647931,刘兵,女,2002-05-21,1.54,西22舍929
2195072567,杨利,女,2003-12-05,1.58,东17舍423
2226659773,李玉兰,女,2006-09-30,1.45,西6舍520
2223813921,张秀兰,男,1999-08-24,1.74,西8舍304
2210237286,王佳,男,2006-04-21,1.6,东14舍613
2197045078,沈娜,男,2002-03-28,1.55,西3舍603
2216646982,张磊,男,2000-10-28,1.64,西2舍119
2206453927,林淑华,女,2000-05-18,1.72,东22舍820
2217495436,石彬,女,2004-12-08,1.35,西1舍216
2207389931,韩玉兰,女,1999-11-08,1.58,东12舍726
2213505839,张冬梅,男,1999-07-31,1.58,东22舍713
2195777977,朱丹丹,男,2002-06-27,1.84,东12舍319
2206586561,王建华,男,2000-01-12,1.8,东16舍821
2207742692,张琳,男,2007-03-05,1.77,东21舍811
2196252065,冯婷婷,女,2002-05-25,1.57,西10舍107
2209066322,李春梅,女,2000-03-19,1.57,西20舍618
2222882814,姬伟,男,2000-05-22,1.46,东16舍626
2217886409,袁雪梅,女,2003-01-01,1.66,东21舍220
2227292331,高莉,男,2002-09-25,1.79,东12舍202
2219431854,周丽丽,男,2003-12-13,1.56,西16舍429
2223586956,王雪,女,2005-09-06,1.64,西3舍722
2222423177,辛超,男,2004-11-11,1.59,东11舍805
2194947913,袁东,男,2004-03-08,1.62,东3舍621
2190134684,张晨,男,2006-03-27,1.7,西9舍129
2222485278,陈超,女,2000-11-09,1.53,西9舍526
2216933565,王英,女,2004-12-18,1.53,西2舍721
2193187844,常玉华,男,2006-12-23,1.66,西22舍504
2228678682,陈伟,女,2007-01-22,1.49,西13舍218
2195737277,马浩,男,2000-11-11,1.76,东2舍930
2222785726,李鑫,女,2000-08-13,1.56,西6舍219
2194050459,周林,女,2002-02-13,1.75,东18舍530
2222504770,李柳,男,2002-09-11,1.72,东7舍430
2199555042,姚艳,女,2006-05-16,1.33,东7舍510
2199662571,郑秀荣,女,2003-12-28,1.82,东1舍418
2199134930,郝云,女,2004-04-01,1.51,西22舍525
2224877439,王霞,女,1999-10-15,1.65,西13舍608
2205237518,段秀华,男,1999-12-15,1.74,西8舍921
2195581852,张倩,男,2003-10-20,1.75,西11舍718
2213249211,曾凤英,女,2005-04-21,1.74,西2舍204
2219230309,侯旭,女,2004-05-07,1.56,东4舍217
2211773408,曾敏,女,2003-01-04,1.58,西14舍130
2201893453,祝平,男,2004-06-05,1.59,东17舍203
2221217114,金玲,女,2004-11-20,1.42,东6舍729
2190611825,张杨,女,2001-01-26,1.53,西6舍722
2220587601,秦刚,男,2004-07-15,1.65,西2舍410
2212757351,张秀云,男,2004-10-20,1.76,西22舍528
2212182114,孙欣,女,2000-10-11,1.52,西10舍429
2204061958,陆勇,女,2002-09-25,1.58,西7舍319
2212509827,汪洋,女,1999-12-14,1.68,东6舍813
2205512985,张琳,男,2003-02-26,1.7,东3舍519
2190745537,詹伟,女,2004-01-21,1.63,西21舍619
2202781657,张霞,男,2001-07-31,1.87,西5舍918
2204661099,朱欢,女,2004-08-13,1.7,西5舍928
2221625231,黄军,男,2001-10-28,1.59,东2舍219
2197840617,陈桂荣,男,2007-01-09,1.63,西9舍211
2226377833,吕杰,女,2007-02-06,1.55,西8舍224
2216311834,郭淑华,女,2000-12-11,1.52,东9舍821
2223363507,张雪梅,男,2006-09-06,1.56,西18舍717
2204576915,曹瑜,男,2003-11-22,1.71,东13舍312
2194630264,朱芳,男,2006-12-05,1.58,西3舍405
2218281579,陈建华,男,2001-10-11,1.76,西18舍504
2217270492,王小红,男,2002-02-24,1.64,东19舍118
2214035774,曹亮,男,2001-02-11,1.78,西2舍609
2197292217,文洁,女,2006-12-13,1.58,西21舍310
2193867221,陈秀珍,女,2000-12-03,1.48,东5舍913
2214804955,赵楠,女,2006-05-28,1.55,西13舍830
2226583471,葛峰,男,2002-08-13,1.7,西7舍412
2225651889,王成,男,2002-03-20,1.82,东16舍719
2224286522,刘丽华,男,2005-12-31,1.72,东21舍517
2200582509,李玉,男,2003-11-12,1.67,西5舍427
2190369724,成林,女,2006-03-03,1.63,西6舍806
2226445713,万伟,女,2005-04-22,1.55,东17舍422
2193310881,马秀英,女,2006-07-16,1.46,西6舍129
2195040600,吴健,男,2003-01-17,1.6,西11舍513
2206456462,宁建国,男,2000-05-04,1.7,东4舍929
2198431451,李帅,女,2004-12-30,1.61,西11舍513
2211948889,魏雪,男,2000-05-27,1.92,东10舍108
2210679012,薛凯,女,2005-01-22,1.65,东13舍109
2219573005,杨玉华,女,2004-01-15,1.66,东19舍821
2205747004,胡敏,女,2006-09-13,1.66,东5舍511
2225190361,崔欢,男,2003-10-25,1.66,西7舍105
2195043024,潘慧,男,2000-10-25,1.93,西8舍215
2225767313,王博,女,2004-05-20,1.7,西11舍609
2201542042,徐龙,男,2006-11-20,1.66,东19舍903
2214660591,孔玉珍,男,2000-08-10,1.83,西18舍101
2205118591,李杰,女,2002-01-10,1.76,西5舍218
2228141357,邵龙,女,2006-10-24,1.46,东2舍804
2217328213,廖东,男,2003-05-25,1.75,东14舍125
2217299447,张刚,女,2000-09-28,1.49,东12舍428
2217435033,傅丽娟,女,2005-09-16,1.58,西6舍727
2216987306,季玉珍,男,2004-04-13,1.66,西15舍715
2222059347,朱玲,男,2001-08-21,1.66,西3舍325
2212063484,董秀云,女,2004-04-14,1.53,西16舍307
2201415493,赵建华,男,2005-06-04,1.68,东6舍928
2214853962,李桂英,女,2001-10-17,1.61,东22舍214
2217873149,田佳,男,2002-01-12,1.78,东1舍622
2197375487,林俊,男,2006-05-16,1.64,西18舍106
2223381898,萧云,男,2006-04-23,1.74,东21舍114
2203461422,梁文,女,2000-08-14,1.46,西2舍604
2194772724,李婷婷,男,2006-05-11,1.6,东4舍730
2213477527,陈晶,男,2005-07-14,1.65,东19舍112
2196825251,赵飞,女,2005-04-25,1.62,东9舍720
2192900939,宋玉英,女,2006-09-11,1.48,东7舍710
2190942237,吴飞,男,2003-07-25,1.77,西20舍106
2214074682,靳强,男,2000-06-21,1.86,西15舍313
2207126912,余淑英,男,1999-08-28,1.85,东12舍921
2219194091,王杰,男,2002-04-27,1.6,西16舍201
2215061306,陈建军,女,2001-12-11,1.57,东11舍402
2229027418,殷丽娟,女,2007-02-17,1.48,西16舍908
2200152753,周欣,女,2001-06-09,1.46,西20舍906
2195192673,杜畅,男,2000-10-20,1.6,西15舍425
2211246633,张想,女,2007-02-13,1.74,东4舍404
2209996472,宋玉,女,2001-08-10,1.65,东8舍227
2201178778,耿芳,男,2002-02-12,1.69,东5舍121
2191864015,张倩,男,2004-02-20,1.58,东9舍113
2229683357,孟欢,女,2003-06-24,1.63,西12舍630
2196531193,吕志强,男,2002-11-18,1.88,东15舍208
2203971487,李艳,女,2001-06-03,1.7,西18舍620
2224212322,金晨,女,2000-08-21,1.6,东4舍117
2221100858,张飞,男,2001-11-23,1.66,东7舍522
2213868229,张杨,女,2001-08-03,1.67,东19舍829
2198330363,黄伟,女,2000-06-22,1.64,西17舍930
2204079415,王秀梅,女,2003-06-17,1.54,西12舍905
2227123322,陈建国,女,2003-06-25,1.55,东16舍622
2221439646,周雪梅,男,2001-01-13,1.82,东2舍118
2206372474,何洋,女,1999-12-06,1.67,东2舍316
2211706793,唐建平,男,2000-02-17,1.68,西11舍218
2219700103,赵红,男,2005-07-05,1.75,东6舍919
2190833759,郭兰英,男,2000-09-30,1.51,东7舍915
2215374290,龙杨,女,2003-08-21,1.33,西15舍820
2217607115,王欢,女,2004-02-20,1.58,东20舍417
2215921996,张丽娟,男,2004-05-03,1.62,东12舍912
2190206969,张春梅,男,2004-12-09,1.78,东2舍706
2208146340,牛畅,女,2006-11-30,1.46,西21舍526
2207523348,林桂芝,男,2004-11-30,1.58,东18舍616
2191391380,施莉,男,2007-02-11,1.64,东7舍717
2208978008,高霞,女,2007-04-13,1.61,东7舍421
2192663922,丁桂英,男,2002-10-03,1.77,东16舍929
2222205377,张旭,男,1999-08-23,1.8,西13舍318
2204438425,王燕,女,1999-08-12,1.61,西4舍223
2213298391,刘杨,女,2005-04-27,1.52,西13舍905
2195385492,田红梅,男,2003-01-18,1.81,西13舍504
2227101718,叶霞,男,1999-06-24,1.56,西6舍610
2213280753,胡玉华,女,1999-11-14,1.48,东3舍618
2208584734,陈英,男,2005-06-24,1.67,西13舍605
2218007133,李想,女,2003-05-31,1.76,东9舍412
2223345224,孙倩,女,2001-09-30,1.61,西1舍507
2211028134,杨婷,女,2002-01-01,1.47,西15舍830
2206715754,孙东,女,2006-08-31,1.64,东5舍923
2223495853,曹玉华,女,2000-05-26,1.62,西10舍906
2224280819,赵秀梅,男,2001-07-22,1.71,东17舍214
2214508750,蒲峰,男,2004-02-10,1.72,西14舍327
2204819248,石彬,女,2003-08-07,1.43,东11舍229
2217962485,林艳,女,2006-04-14,1.56,西11舍317
2229584507,陈俊,女,2005-02-01,1.56,东7舍818
2229897843,刘慧,女,2004-07-05,1.57,西11舍417
2222610011,袁丽丽,女,1999-06-25,1.6,东2舍811
2209971502,杨凤英,男,2000-04-10,1.65,西9舍612
2198966502,张秀荣,男,2000-05-19,1.71,西19舍406
2197884937,高欢,男,2003-11-27,1.71,东3舍713
2224578041,王桂兰,男,2005-03-22,1.7,东13舍916
2200341790,范雪梅,女,2003-11-14,1.78,东6舍101
2190342267,陈春梅,男,2005-01-12,1.61,东15舍408
2218380408,张辉,男,2006-05-26,1.69,西12舍630
2229271164,刘柳,男,2000-02-02,1.85,西16舍619
2216338733,刘楠,女,2004-10-29,1.47,东5舍124
2218081326,宋淑兰,男,2002-05-07,1.71,西21舍506
2219193336,魏利,女,2006-01-03,1.57,东13舍605
2191614442,唐辉,女,2002-04-17,1.66,东22舍527
2194634097,罗秀珍,女,2006-01-27,1.56,西22舍109
2218248071,孙旭,女,2000-11-04,1.63,东4舍611
2218606372,武强,男,2006-03-19,1.79,东2舍316
2222596723,梁强,男,2007-03-24,1.69,东21舍112
2225639683,胡静,男,2004-05-09,1.74,西13舍303
2200774147,管莹,男,2000-08-30,1.63,东20舍626
2228948373,廖英,男,2006-03-26,1.69,东11舍206
2211104249,刘倩,女,2004-04-22,1.64,西9舍404
2215849305,马淑华,男,2006-05-18,1.58,东10舍830
2199295189,黄颖,男,2003-05-24,1.6,东3舍325
2211164547,牛平,男,2001-05-14,1.72,东3舍322
2214070513,李倩,女,2007-03-17,1.72,东9舍306
2209207361,倪英,女,1999-08-22,1.49,西7舍509
2211793385,刘敏,女,2006-02-27,1.72,西18舍422
2228759500,萧明,女,2003-10-17,1.52,西15舍818
2194093391,苏丹丹,女,2006-04-12,1.63,东21舍508
2191385455,李华,女,2007-04-25,1.75,西3舍109
2219942247,邹颖,女,2002-01-11,1.68,西15舍309
2190781666,王静,男,2002-06-21,1.58,西2舍908
2196560128,郭杨,男,2006-02-24,1.93,西5舍626
2200266522,张秀英,男,2001-01-05,1.63,西1舍422
2210586651,徐雷,女,2006-12-31,1.61,东4舍307
2222674330,吴飞,女,1999-10-21,1.53,西11舍908
2214802681,王瑞,男,2000-12-06,1.74,西11舍421
2227055972,赵勇,男,2003-04-16,1.62,东3舍322
2212799123,宋磊,男,2003-04-23,1.72,东9舍818
2199236857,黄桂荣,男,2005-04-29,1.71,西20舍721
2218135082,史彬,男,2000-09-12,1.77,东3舍105
2224249439,冯兰英,女,2004-07-25,1.51,东4舍717
2191632426,周帆,女,2003-11-15,1.66,西19舍209
2227255346,陆柳,男,2003-03-28,1.6,东16舍125
2225372704,张桂芳,女,2000-10-05,1.54,西15舍607
2198230364,李丽丽,女,2002-11-04,1.74,东22舍120
2215802117,韩杨,女,2002-08-07,1.44,西14舍713
2201802647,陶金凤,女,2000-09-13,1.68,西9舍516
2219550436,张凤英,男,2006-01-23,1.79,东17舍504
2229074325,刘阳,女,2004-07-25,1.6,西21舍715
2197819034,林建平,女,2003-12-05,1.5,东18舍904
2207180726,张洋,女,2004-03-18,1.49,西14舍918
2208876820,龚冬梅,男,2005-12-08,1.79,西4舍307
2203884625,聂冬梅,女,2001-02-05,1.36,东18舍308
2206540077,王桂珍,女,2000-01-22,1.53,东1舍903
2191952580,陈瑜,男,2004-07-05,1.67,东19舍111
2202617602,杜瑜,女,2002-04-26,1.62,东18舍915
2214083584,蒋玉华,男,2006-04-08,1.72,西18舍312
2205802012,陈瑞,男,2003-07-16,1.68,西11舍326
2191646836,李娟,女,2000-12-25,1.45,西21舍925
2229124889,梁柳,男,2006-03-22,1.7,西11舍411
2228679987,龚华,男,2007-02-05,1.8,东17舍819
2217817831,安娜,男,2006-02-03,1.93,西6舍113
2213070093,孔红梅,男,2005-09-29,1.58,西13舍521
2197462818,孟柳,男,2003-09-04,1.69,西4舍119
2215567948,李想,女,2005-01-22,1.75,东18舍214
2206192544,温凯,女,2007-01-24,1.56,西18舍224
2201329230,赵雪,女,2006-06-01,1.56,西6舍907
2223855779,张海燕,女,2002-07-20,1.48,西8舍226
2222239016,周红霞,男,2001-09-18,1.61,西9舍627
2193365656,林瑜,女,2000-12-07,1.59,西7舍315
2220605100,刘帅,女,2007-01-04,1.56,西5舍828
2229071720,柏帅,男,2004-09-24,1.68,西14舍816
2221026560,吴建国,男,2003-10-16,1.73,西19舍220
2225502370,吕鹏,男,2002-03-09,1.55,西1舍223
2215759603,莫红霞,女,2000-06-10,1.74,东18舍319
2193083329,李欣,女,2005-03-02,1.53,西19舍222
2193960512,熊晨,男,2000-09-02,1.7,东14舍928
2219758473,刘志强,女,2005-12-17,1.45,西2舍707
2190038824,方红梅,女,1999-10-12,1.61,西12舍314
2220486760,孔楠,女,2002-12-30,1.53,西1舍908
2192143007,黄超,男,2002-08-25,1.75,西7舍428
2226182511,崔鹏,男,2002-11-12,1.8,东4舍130
2220629197,庄春梅,男,2006-03-29,1.66,东10舍723
2210173888,王欢,女,2000-06-21,1.64,东8舍518
2226441989,张秀梅,男,2004-04-17,1.7,东18舍917
2216551723,罗敏,女,2002-01-05,1.53,东15舍301
2221951145,郭桂芝,男,2006-08-03,1.78,西11舍526
2228390493,刘欢,女,2005-09-08,1.67,西16舍123
2197610956,罗冬梅,女,2005-09-09,1.53,东14舍829
2199771962,温海燕,男,2000-11-22,1.63,东4舍420
2214427327,金敏,男,2006-09-17,1.69,东15舍325
2194590680,阮莉,男,2004-09-27,1.65,西18舍821
2227199111,杨玉珍,男,2005-02-06,1.68,西13舍420
2225460526,李桂荣,女,2001-06-11,1.6,东22舍405
2192494355,武丽,女,2004-05-08,1.38,西20舍223
2195887286,徐帆,男,2005-07-24,1.76,西9舍602
2213348254,王秀荣,男,2005-03-14,1.8,东4舍306
2213589879,周琳,男,2003-03-04,1.94,东9舍429
2223908222,殷明,男,2005-09-26,1.84,西11舍117
2227909867,周璐,男,2004-02-27,1.78,西7舍812
2203899597,张想,男,2004-08-31,1.52,东4舍906
2193113411,陈军,男,2003-02-27,1.59,西17舍426
2219895854,蔡磊,男,2001-07-31,1.52,西5舍408
2191278913,解丽华,女,2001-09-20,1.52,东14舍225
2194404805,严小红,男,2005-07-28,1.58,东18舍812
2201078084,郭莹,男,2003-10-28,1.69,西8舍324
2192745767,卓萍,女,2006-06-17,1.59,东5舍720
2210148681,孙军,男,2002-01-25,1.66,东19舍905
2211960426,吕东,男,2005-08-18,1.5,西10舍520
2200920454,王杰,男,2001-01-04,1.73,西20舍715
2203663954,陈玉英,男,2003-03-26,1.64,西6舍629
2192427974,薛帆,男,2005-09-16,1.61,东4舍318
2205185638,任琴,女,2004-07-31,1.68,西22舍906
2193783039,田龙,男,2000-12-21,1.74,西12舍306
2218240240,沈峰,女,2003-02-23,1.52,东20舍702
2214004359,杨萍,男,2004-04-05,1.54,东19舍807
2211254960,兰坤,女,2001-02-23,1.56,东11舍715
2225678905,李超,女,2005-03-22,1.68,东6舍625
2197971878,林红,男,2003-02-14,1.88,东14舍302
2205650430,雷秀芳,女,2004-02-17,1.42,东14舍724
2221685253,杜旭,男,2003-04-25,1.53,西16舍818
2194498354,郑俊,男,2003-10-04,1.83,东21舍230
2215629141,杨想,女,2001-10-11,1.6,西13舍726
2206277422,戴艳,女,2005-02-15,1.64,东22舍424
2207294072,王敏,男,2002-12-28,1.93,东13舍904
2196165268,程秀珍,女,2000-01-28,1.77,东11舍608
2220876383,吴倩,女,2006-06-06,1.55,东7舍406
2224573556,邱兰英,女,2000-01-16,1.58,西22舍605
2198993184,金波,女,1999-11-29,1.75,西22舍510
2203476650,朱秀云,男,2001-08-10,1.6,西3舍111
2204721241,王秀梅,男,2000-05-29,1.76,西7舍404
2195469338,孙想,男,2001-12-10,1.58,西6舍718
2221651483,苑英,男,1999-12-09,1.74,西20舍220
2225684508,马丹丹,女,1999-10-04,1.62,东8舍614
2216973606,蔡利,女,2002-09-26,1.65,东15舍114
2213647394,邢鑫,男,2004-07-18,1.64,东15舍208
2213083704,鞠玉兰,男,2000-01-28,1.6,东14舍614
2191886330,熊秀华,女,2004-04-24,1.56,东7舍423
2212324590,徐超,女,2006-11-29,1.45,西10舍618
2195936057,马利,女,2006-02-12,1.61,西22舍817
2207150892,王娟,男,2005-10-18,1.73,西14舍701
2192138809,殷勇,男,2006-09-28,1.63,东2舍209
2200777628,萧飞,女,2000-01-15,1.62,西6舍913
2220417908,陆燕,女,2007-04-28,1.55,东15舍711
2199922414,李玉珍,男,2000-05-17,1.83,西1舍905
2212084232,郑梅,男,2001-07-23,1.72,西6舍628
2208740976,李丽娟,女,2002-09-06,1.63,东13舍915
2214197053,黄桂珍,女,2006-01-29,1.63,东16舍304
2211066800,郑玉梅,女,2004-10-13,1.69,东4舍112
2216381952,刘晶,男,2006-03-05,1.66,西7舍918
2215140383,王宁,男,2002-09-07,1.71,西20舍415
2218167717,乔欢,女,2003-04-12,1.63,西6舍912
2225439149,赵畅,女,2004-04-16,1.58,西21舍102
2222190189,张玉华,女,2003-07-15,1.64,西15舍912
2228379774,陶健,女,2004-03-20,1.54,东2舍509
2212292641,张杨,男,2002-03-11,1.63,东17舍217
2207165215,荣玉梅,男,2003-08-08,1.69,西2舍908
2199845411,崔宁,女,2003-11-22,1.68,东11舍724
2222784391,龚柳,男,2003-03-23,1.62,东7舍419
2220407438,王淑珍,男,2005-02-07,1.75,西1舍408
2195077237,蔡旭,男,2000-08-23,1.51,东3舍819
2190134133,张丽华,女,2002-10-10,1.55,西11舍119
2192281149,傅欣,男,1999-10-31,1.66,东13舍327
2195568103,杨涛,女,1999-07-17,1.42,东16舍721
2204105873,吕桂兰,女,2003-05-12,1.44,东15舍601
2228467406,王淑华,女,2006-09-11,1.55,东14舍818
2220034097,黄强,女,2004-02-06,1.55,东14舍802
2196348353,杨秀梅,男,2006-07-21,1.77,西10舍227
2223342095,马玉梅,女,2007-04-12,1.5,东13舍111
2217614017,程艳,男,2001-07-11,1.74,东16舍206
2216573209,李荣,男,2000-12-24,1.64,西12舍602
2197605025,孔超,女,2001-01-01,1.68,西22舍112
2190460988,冀欣,男,2005-04-15,1.69,西20舍715
2212026425,施冬梅,男,2004-06-04,1.74,西8舍416
2210515241,廖刚,男,2002-05-30,1.75,西16舍526
2224225210,范平,女,2007-01-29,1.63,东10舍423
2218685031,许军,女,2001-06-06,1.5,西10舍606
2226658003,杜英,女,2001-06-12,1.57,西8舍919
2218113808,印霞,男,2003-02-16,1.73,东9舍604
2199854513,张秀梅,男,2001-06-05,1.57,东21舍128
2220506378,夏云,女,2002-12-15,1.55,东3舍711
2223987668,柯云,男,2005-01-08,1.66,东18舍710
2221588726,张玉华,男,2004-08-23,1.71,西9舍906
2208810388,张梅,女,2006-08-05,1.65,东9舍625
2203445445,刘淑兰,男,2000-04-12,1.71,西3舍225
2223758251,王建华,男,2001-12-24,1.64,东15舍214
2193848104,贺玲,女,2005-03-19,1.45,东22舍616
2193870304,李凤英,女,2002-11-27,1.49,西3舍128
2194340221,龚东,女,2000-10-05,1.48,西17舍104
2207347932,朱慧,女,2001-12-02,1.59,东17舍611
2206204587,彭丽丽,女,2006-09-04,1.58,西12舍626
2205831341,顾淑英,女,2006-03-07,1.39,东10舍417
2224640895,赵倩,男,2000-04-12,1.75,西4舍101
2226033116,管玉华,男,2004-12-16,1.63,东16舍810
2202277549,许红霞,男,1999-09-30,1.57,西13舍805
2193694548,刘雪,女,2006-11-09,1.69,西14舍727
2195546800,唐桂荣,男,2004-08-15,1.88,西21舍804
2217160074,陈艳,女,2005-03-05,1.75,西2舍720
2202512981,张晶,女,2005-10-04,1.72,东4舍302
2217938597,黎瑞,女,2001-12-23,1.6,东18舍118
2197764511,汪秀珍,男,2004-12-24,1.66,东1舍424
2223127636,陈金凤,男,2003-03-16,1.6,西4舍312
2227759825,翟晶,男,2003-01-10,1.6,东19舍327
2217293491,邓海燕,女,2001-07-10,1.55,西2舍106
2218262929,孟宇,男,2005-09-16,1.53,西12舍117
2209699506,姚倩,男,2006-03-31,1.85,西19舍930
2215428860,金秀梅,女,2007-03-14,1.45,西22舍127
2214067481,李浩,男,2003-08-26,1.92,西17舍804
2191718121,孙玉兰,女,2001-08-03,1.68,西17舍730
2214452660,杨红梅,女,2002-04-12,1.39,东19舍815
2202777748,时博,男,2001-11-22,1.66,东15舍103
2192004102,宋秀英,女,2001-10-23,1.37,东1舍515
2195049768,熊琴,女,2003-08-31,1.64,西16舍121
2201626426,夏桂芝,女,2000-08-28,1.58,东2舍312
2212457866,岑涛,男,2003-08-09,1.73,东16舍910
2218003301,武旭,男,2000-07-18,1.67,西18舍407
2205390697,夏博,男,2003-08-13,1.55,西14舍803
2222466349,曹洋,男,2003-04-02,1.69,东7舍222
2213941557,赵玉梅,女,2002-08-08,1.59,西5舍608
2226019923,王想,男,2006-12-14,1.65,东2舍728
2211967451,郭龙,女,1999-09-25,1.47,东5舍416
2204877751,张瑞,女,2006-02-04,1.37,西13舍818
2227944024,王龙,女,2005-03-13,1.72,东16舍507
2207327278,冯磊,男,2005-05-30,1.62,东3舍409
2229032518,陈英,男,2001-01-12,2.03,西10舍411
2219774272,范金凤,女,2005-07-26,1.7,西18舍330
2212028859,马飞,男,2000-10-27,1.71,西8舍119
2214320332,薛琳,女,2007-01-19,1.5,东19舍509
2196733799,王欣,男,2003-03-09,1.92,西7舍412
2216944048,吕小红,女,2002-08-21,1.67,东4舍117
2190198982,唐桂香,女,2002-07-02,1.66,东7舍805
2200415270,刘娜,女,2003-11-19,1.52,东12舍114
2219522628,黄利,男,2004-09-12,1.42,西19舍502
2216357826,王建平,男,2003-06-16,1.69,西13舍119
2195461171,曹彬,女,2002-07-07,1.72,西11舍214
2221321675,金博,男,1999-09-01,1.82,东14舍717
2195897321,魏雪梅,男,2004-01-10,1.58,东8舍606
2199518975,陈辉,男,2006-03-25,1.64,东6舍628
2229572420,程凯,女,2006-03-07,1.68,东17舍719
2217996207,刘欣,男,2005-03-20,1.78,西9舍211
2192808515,周东,男,2007-06-01,1.61,东19舍203
2227713932,苏洁,男,2001-06-24,1.68,西16舍418
2220992831,冯辉,女,2002-10-17,1.67,西4舍220
2213098491,张瑞,男,2007-02-10,1.67,东13舍128
2196361366,欧阳秀珍,男,2001-01-01,1.8,西22舍919
2212166682,李文,女,2002-06-05,1.62,东19舍801
2207230793,魏倩,男,2004-05-26,1.7,东5舍902
2221783581,聂辉,男,2005-10-03,1.48,东7舍202
2190159112,符浩,男,2004-12-01,1.62,西2舍213
2224120773,杨丽华,女,2007-03-01,1.54,西18舍403
2225161011,万杰,女,2004-10-02,1.55,西22舍214
2197276111,张鹏,女,2007-02-07,1.44,西19舍106
2206555606,张洋,男,2002-12-03,1.59,西11舍925
2219759945,邓欣,女,2000-10-02,1.6,东18舍610
2197956825,蔡桂花,女,1999-08-14,1.53,西11舍128
2209576392,刘超,男,2003-04-30,1.75,西9舍609
2198992036,苏颖,男,2001-07-19,1.79,西11舍921
2200872797,李宇,男,2002-10-02,1.64,东12舍627
2207861557,蔡玉,女,2000-03-08,1.64,西2舍423
2217915164,郝帆,女,2004-12-30,1.61,东20舍306
2212861118,雷军,女,2007-01-28,1.5,东19舍810
2196793351,胡俊,男,2002-01-06,1.5,西9舍101
2200404246,高淑华,女,2003-04-09,1.45,西9舍428
2213719404,封辉,女,2002-05-22,1.62,西5舍602
2226644805,余红,男,2006-03-14,1.7,西22舍219
2204593432,宋淑英,男,2005-12-26,1.65,西2舍103
2203631710,孙淑英,男,2006-02-26,1.9,东20舍611
2219322141,姚梅,男,2007-01-09,1.63,东4舍821
2198762358,李林,女,2001-06-20,1.72,西17舍229
2216954812,王建平,男,2003-05-12,1.74,西6舍114
2227986592,陈华,男,1999-11-15,1.76,西2舍209
2210981626,李华,男,2007-06-05,1.56,西1舍804
2210659748,高阳,男,2000-11-01,1.52,西11舍522
2224203108,谢明,女,2000-01-27,1.63,西15舍621
2206313516,余兰英,男,2006-02-01,1.73,东6舍212
2193836106,陈荣,男,2003-12-31,1.8,西11舍304
2204270650,李荣,女,2005-08-06,1.48,东11舍523
2217930086,巴倩,女,2000-02-26,1.73,东9舍407
2194191237,徐楠,男,2000-07-13,1.68,东18舍210
2208131669,潘辉,男,2002-10-21,1.51,东20舍205
2199859306,唐东,女,2006-08-28,1.3,东12舍728
2227070358,程秀荣,女,2006-04-12,1.59,东2舍525
2209702379,张玉,女,2003-02-12,1.69,东8舍827
2218176742,卢红,男,2002-05-10,1.69,东8舍525
2199618334,蔡慧,男,1999-10-24,1.82,西5舍621
2212005273,胡龙,女,2005-10-11,1.67,东6舍419
2211948583,张慧,女,1999-10-08,1.4,西15舍216
2214674581,麻想,女,2001-04-29,1.58,西21舍603
2214520771,胡秀芳,男,2001-04-21,1.49,西8舍509
2217583894,夏桂英,女,2003-11-20,1.47,西10舍222
2204430990,何飞,女,2002-04-11,1.46,东20舍820
2207049530,刘岩,女,2000-09-12,1.59,西18舍602
2212529228,缪玉英,女,2001-02-03,1.66,东5舍925
2209348555,邢小红,男,2000-07-01,1.71,西8舍519
2192587724,李欢,女,1999-09-26,1.64,西10舍623
2211886737,邹秀英,女,2007-02-26,1.84,西22舍523
2200251565,吴凤英,男,2002-01-29,1.73,西13舍129
2217959034,韦晶,女,2006-10-19,1.56,东22舍928
2221424213,姜莉,女,2000-10-19,1.63,东2舍726
2211395587,伍楠,男,2005-02-09,1.78,西9舍328
2195448773,李淑珍,女,2003-10-02,1.42,东17舍527
2191891414,葛想,女,2000-05-17,1.55,西2舍510
2190444407,王建华,男,2004-11-01,1.65,西2舍308
2206767598,徐丽丽,女,2001-05-20,1.76,西19舍614
2217305509,阎桂芳,女,2000-04-19,1.65,东1舍109
2197753307,王军,女,2004-05-06,1.59,西16舍124
2204393364,彭丽娟,男,2000-10-02,1.66,西15舍815
2224142408,柯帆,男,2000-11-09,1.64,东11舍310
2226460019,萧想,男,2004-08-26,1.46,东15舍321
2220677463,李健,男,2003-11-25,1.8,东4舍129
2223465182,王辉,女,2004-02-18,1.49,东5舍920
2213649171,牟红,女,2005-07-04,1.44,东22舍524
2198151239,李晨,男,2001-11-05,1.78,西17舍326
2207651387,范帆,女,2007-03-27,1.56,西20舍316
2190197058,李霞,女,2005-12-27,1.7,东20舍305
2192627329,杜红,女,2001-03-27,1.59,东21舍711
2193913656,胡秀珍,女,2006-10-29,1.52,东17舍721
2224634745,张娜,男,2006-02-01,1.77,西20舍315
2209316448,周丽华,女,2002-01-25,1.52,西16舍305
2196972533,余强,男,1999-07-08,1.57,东2舍101
2197604359,王淑兰,女,2002-11-05,1.61,东13舍305
2197874365,李飞,男,2003-09-20,1.44,东15舍211
2207748693,李辉,女,2006-02-04,1.63,东17舍708
2211888549,徐坤,男,2000-08-15,1.64,东1舍612
2204067262,熊志强,男,2007-05-05,1.76,西21舍204
2203324662,耿凤兰,男,2000-09-19,1.69,西18舍806
2192341356,罗淑华,女,2005-09-06,1.61,东10舍913
2221983041,李秀兰,女,2002-05-21,1.66,西9舍729
2215138684,庄莉,男,2002-06-13,1.66,东4舍229
2224905295,周杨,女,2006-01-23,1.68,东7舍716
2229017735,胡波,女,2007-03-14,1.44,西22舍713
2210922603,杨宁,女,2006-12-01,1.61,西17舍820
2204858514,吴萍,女,2003-02-19,1.53,西6舍829
2222561139,张玉珍,女,2000-08-12,1.59,西16舍322
2198671524,赵兰英,男,1999-10-27,1.68,西17舍606
2219493593,梁龙,男,2000-04-18,1.69,东19舍905
2226816814,刘浩,男,2003-12-11,1.7,西1舍917
2203225789,胡红,男,2005-02-25,1.71,东12舍808
2203250107,赵畅,男,2003-02-22,1.57,西21舍303
2214346014,游磊,男,2006-10-09,1.72,东7舍729
2191288698,赵建平,女,2003-08-13,1.78,东17舍408
2212085607,杨霞,女,2003-08-03,1.63,东3舍328
2221986881,谢建平,男,2000-08-07,1.65,西10舍321
2222713021,方成,男,2004-05-02,1.49,西21舍427
2207299612,翁林,男,1999-08-22,1.66,西15舍410
2227515856,张颖,男,2006-05-27,1.81,东15舍407
2198986021,周云,男,2000-12-05,1.71,西2舍616
2219954155,赵凯,女,2001-05-03,1.46,西18舍228
2205425551,赵丽,女,2003-03-28,1.64,西15舍611
2191526172,刘桂兰,男,2003-02-04,1.49,东18舍918
2223750242,凌丽,男,2005-07-30,1.91,东7舍729
2219231679,王强,男,1999-08-19,1.71,西15舍710
JL22292681,Peter Fisher,男,2004-10-16,1.95,东14舍219
JL22228119,Thomas Gallegos,男,2002-06-07,1.69,西10舍320
JL22075068,Steven Robinson,男,2006-03-29,1.73,东10舍310
JL22182296,Rhonda Barrera MD,女,2002-02-17,1.8,东20舍506
JL22015762,Heather Stewart,女,2002-06-18,1.81,东9舍512
JL21942216,Joseph Brown,男,2003-08-03,1.59,东20舍423
JL22166030,Gary Cross,男,2006-12-14,1.91,东1舍914
JL22274787,Angela Flores,女,2004-07-25,1.59,西15舍922
JL22182937,Mr. Eric Carter Jr.,男,2006-10-07,1.77,西5舍117
JL22012808,Robert Payne,男,2000-04-13,1.74,西5舍930
JL22068348,Rebecca Stewart,女,2002-06-06,1.74,西14舍811
JL21984012,Meghan Anderson,女,2006-10-15,1.79,西22舍724
JL22152260,Ryan Warren,男,2005-07-05,1.81,东15舍728
JL21924326,Samuel Jacobson,男,1998-07-17,1.76,西3舍313
JL22158559,Joanne Keller,女,2003-02-07,1.73,西3舍527
JL22057803,George Lee,男,1998-12-31,1.7,西1舍811
JL21916613,Brian Thomas,男,2006-05-09,1.7,东16舍621
JL22144367,Angela Martinez,女,2002-08-12,1.72,西9舍116
JL21907922,Rebecca Giles,女,1998-12-18,1.5,东15舍202
JL22051260,Russell Jones,男,1999-09-04,1.75,东10舍216
JL21936931,Jonathan Williams,男,2001-12-31,2.0,西2舍526
JL22238064,Thomas Jackson,男,2006-01-12,1.55,西18舍406
JL21919179,Linda Ramos,女,2002-02-04,1.57,西16舍106
JL22268243,Stephanie Golden,女,2001-03-01,1.83,东4舍809
JL22212440,Gabriella Williams,女,2002-10-15,1.76,东9舍815
JL22040342,Dwayne Howard,男,1998-03-15,1.86,东19舍130
JL22137004,Bobby Wheeler,男,2000-06-30,1.67,东2舍922
JL21921615,Shawn Carroll,男,1998-03-15,1.69,东3舍630
JL22281019,Shelby Bradley,女,2000-04-22,1.65,西18舍611
JL22022091,Michael Griffin,男,2003-02-28,1.7,东22舍702
JL22279882,Lindsey Smith,女,2003-08-28,1.58,东3舍211
JL22242879,Sara Williams,女,1998-04-02,1.71,东22舍506
JL21933809,Yvonne Schultz,女,1998-05-30,1.62,西20舍715
JL22160075,Cindy Love,女,2005-12-15,1.72,西6舍710
JL22086675,Connor Franklin,男,2002-05-14,1.66,西14舍219
JL21932338,Jennifer Miller,女,2000-10-28,1.67,西22舍605
JL22245899,Brian Scott,男,2005-06-12,1.75,东6舍725
JL22056979,Matthew Wilson,男,2003-08-26,1.71,东22舍824
JL22145397,Stephanie Bowman,女,2006-08-10,1.66,东16舍828
JL22240435,James Carter,男,2002-07-14,1.86,东14舍616
JL22190052,Timothy Parker,男,2005-08-05,1.7,西5舍927
JL21986392,Eric Houston,男,1998-03-22,1.87,东20舍128
JL22142352,Justin Olson,男,2002-08-08,1.75,西8舍927
JL22234364,Jonathan Johnson,男,2005-04-26,1.93,东12舍618
JL21994570,Tami Kramer,女,1998-10-15,1.66,东4舍219
JL22206505,Connie Duarte,女,1999-05-07,1.69,西20舍510
JL22236042,Ashley Short,女,2005-10-13,1.61,东1舍202
JL22045182,Michael Wilson,男,2001-03-12,1.81,东18舍530
JL22006930,Kimberly Hernandez,女,2003-03-15,1.72,西16舍711
JL22259764,Jared Frazier,男,2005-06-21,1.87,东6舍322
JL22001375,Sylvia Morris,女,2003-12-02,1.79,西20舍212
JL22053110,Miss Shelly Daniels DVM,女,2005-09-25,1.73,东13舍530
JL22179242,David Mueller,男,2002-01-05,1.8,西19舍826
JL21933205,Bradley Melton,男,2000-07-11,1.79,西8舍416
JL22115350,Caitlyn Hernandez,女,2001-05-09,1.8,东21舍614
JL22291493,Mr. Steven Shaw,男,2005-04-01,1.72,西13舍221
JL21941350,William Burgess,男,2006-06-08,1.59,西8舍417
JL22171799,Jennifer Kaufman,女,2004-06-29,1.68,西7舍614
JL22198786,Gary Snyder,男,2002-10-03,1.81,东15舍702
JL22002726,John Boyer,男,2001-09-24,1.76,东14舍705
JL22208132,Anthony Ruiz,男,2003-05-14,1.7,东14舍714
JL22047151,Amy Haynes,女,2005-04-26,1.64,西2舍921
JL22261261,Zachary Johnson,男,2000-04-03,1.59,东8舍313
JL22255912,Connor Kelly,男,2003-01-31,1.89,东20舍303
JL22223096,Alyssa Meyer,女,2004-03-10,1.6,西12舍413
JL22013848,Jason Torres,男,1998-12-27,1.84,西10舍711
JL22232817,Jennifer Miller,女,1998-04-14,1.5,东16舍718
JL22208844,Jennifer Moore,女,2000-05-26,1.56,西21舍717
JL22107007,Jason Crawford,男,2000-11-24,1.85,东21舍619
JL21956549,Haley Haley,女,2002-03-19,1.7,东14舍718
JL22166752,Mr. Shawn Tran,男,2006-04-15,1.48,东3舍803
JL22263603,Brooke Hurst,女,2004-08-04,1.57,西18舍401
JL22113164,Paul Carter,男,1998-07-26,1.64,东14舍304
JL22222362,Scott Burke,男,1998-08-06,1.79,西8舍717
JL22165939,Jason House,男,1998-09-24,1.97,东20舍606
JL22086058,Henry Wright,男,2006-01-05,1.83,西13舍223
JL22165777,Jennifer Butler,女,2000-01-12,1.71,东10舍827
JL21993620,Elaine Ruiz,女,2000-05-12,1.79,东22舍903
JL21940344,Cathy Fisher,女,2000-11-09,1.66,西15舍505
JL22198949,Kelly Kelly,女,2002-11-21,1.62,东19舍914
JL21928953,Edward Greer,男,2000-07-24,1.89,东6舍701
JL22133009,Aimee Evans,女,1998-11-13,1.56,东18舍914
JL22087368,John Gregory,男,2005-10-20,1.72,东6舍924
JL22145128,Michael Wallace,男,2006-04-25,1.7,西12舍703
JL22129773,Kerri Wright,女,1998-03-25,1.76,西2舍515
JL22040259,Douglas Taylor,男,2005-08-05,1.71,东12舍912
JL21987460,Kim Jenkins,女,2006-12-28,1.69,东7舍918
JL22112734,Paula French,女,2000-02-08,1.88,东19舍827
JL22252352,Lori Moore,女,2001-11-04,1.65,西8舍402
JL22018362,Mary Gomez,女,2002-03-02,1.68,东10舍112
JL22174348,Daniel Burns,男,2004-02-18,1.88,西14舍321
JL22264056,Marissa Brown,女,2003-09-21,1.72,西4舍703
JL22005641,Lisa Johnson,女,2002-02-01,1.54,东18舍804
JL22133278,Wendy Mathis,女,1999-07-15,1.44,西6舍507
JL22157269,Gary Jackson,男,1998-09-12,1.59,东4舍903
JL22109661,Michael Hernandez,男,2005-09-02,1.82,西7舍108
JL21957877,Christine Lopez,女,1999-01-29,1.64,东13舍516
JL22209535,Jean Robinson,女,1999-11-23,1.83,西21舍625
JL22025113,Laurie Williams,女,2004-11-06,1.78,东2舍319
JL22233925,Patricia Andrade,女,2001-03-09,1.86,西11舍616
